QD,Qpairs,IO_Size,Run_ID,Core_Count,Core_List,IOPS,Cycles,Instructions,LLC_Misses,Dram_Read_Bytes,Dram_Write_Bytes,Energy_Joules,Cycles_Per_IO,Instr_Per_IO,LLC_Misses_Per_IO,Dram_Read_Bytes_Per_IO,Dram_Write_Bytes_Per_IO,Energy_Per_IO,p50_Latency,p99_Latency,p99.9_Latency,Polls,Completions,Scans_Per_Completion,Completions_Per_Call,MMIO_Writes_Per_IO,Completions_Per_Poll_Hist,Submit_Logic_ns,Completion_Logic_ns,Submit_Preamble_ns,Tracker_Alloc_ns,Addr_Xlate_ns,Cmd_Construct_ns,Fence_ns,Doorbell_ns,CQE_Detect_ns,Tracker_Lookup_ns,State_Dealloc_ns
16,1,4096,1,2,"0 1",606325.63,318293507735,504397185496,18214335,15320.69,149160.91,2414.69,17498.5,27729.7,1.00135,883.182,8598.59,0.00013275,47.030
47.030,128.000
128.000,153.212
153.212,704795437,9094059,77.5812,0.0128897,0.994568,"0:696480080, 1:9025265, 2:14053, 3:4027, 4:1929, 5:872, 6:423, 7:266, 8:243, 9:181, 10:183, 11:166, 12:162, 13:148, 14:107, 15:61, 16:17, 17:0, 18:0, 19:0, 20:0, 21:0, 22:0, 23:0, 24:0, 25:0, 26:0, 27:0, 28:0, 29:0, 30:0, 31:0, 32+:0
0:695749938, 1:9022124, 2:14486, 3:4222, 4:1765, 5:910, 6:399, 7:275, 8:229, 9:219, 10:184, 11:163, 12:180, 13:139, 14:117, 15:65, 16:22, 17:0, 18:0, 19:0, 20:0, 21:0, 22:0, 23:0, 24:0, 25:0, 26:0, 27:0, 28:0, 29:0, 30:0, 31:0, 32+:0",167.88372093023256,41.372093023255815,10.069767441860465,32.46511627906977,50.25581395348837,12.883720930232558,7.186046511627907,19.976744186046513,9.69767441860465,7.093023255813954,23.46511627906977
16,1,4096,1,4,"0 1 2 3",605927.50,636144183828,1027053176825,18194349,53082.32,306625.44,7450.52,34995.6,56500.3,1.00091,3062.02,17687.5,0.000409869,102.788
102.788
102.788
102.788,184.242
184.242
184.242
184.242,215.273
215.273
214.303
215.273,738518968,4543397,162.725,0.00614536,0.494905,"0:734822994, 1:4481238, 2:8589, 3:2636, 4:1928, 5:1628, 6:1220, 7:843, 8:499, 9:306, 10:145, 11:58, 12:21, 13:4, 14:0, 15:0, 16:0, 17:0, 18:0, 19:0, 20:0, 21:0, 22:0, 23:0, 24:0, 25:0, 26:0, 27:0, 28:0, 29:0, 30:0, 31:0, 32+:0
0:734489099, 1:4479956, 2:9269, 3:2663, 4:1913, 5:1515, 6:1189, 7:821, 8:519, 9:333, 10:168, 11:63, 12:18, 13:5, 14:1, 15:0, 16:0, 17:0, 18:0, 19:0, 20:0, 21:0, 22:0, 23:0, 24:0, 25:0, 26:0, 27:0, 28:0, 29:0, 30:0, 31:0, 32+:0
0:738220178, 1:4483295, 2:8008, 3:2689, 4:1895, 5:1551, 6:1152, 7:857, 8:536, 9:312, 10:151, 11:78, 12:22, 13:8, 14:1, 15:1, 16:0, 17:0, 18:0, 19:0, 20:0, 21:0, 22:0, 23:0, 24:0, 25:0, 26:0, 27:0, 28:0, 29:0, 30:0, 31:0, 32+:0
0:734020810, 1:4480429, 2:8530, 3:2595, 4:1940, 5:1568, 6:1150, 7:845, 8:557, 9:310, 10:141, 11:69, 12:19, 13:5, 14:0, 15:0, 16:0, 17:0, 18:0, 19:0, 20:0, 21:0, 22:0, 23:0, 24:0, 25:0, 26:0, 27:0, 28:0, 29:0, 30:0, 31:0, 32+:0",158.62962962962962,38.58024691358025,13.148148148148149,27.333333333333332,43.135802469135804,12.271604938271604,12.296296296296296,14.592592592592593,8.123456790123457,9.296296296296296,20.098765432098766
16,1,4096,1,8,"0 1 2 3 4 5 6 7",603902.67,1151480285380,1890898127684,18289286,115224.45,617341.47,16613.95,63557.6,104371,1.0095,6668.93,35730.3,0.000917031,208.485
208.485
208.485
208.485
208.485
208.485
208.485
208.485,298.667
298.667
298.667
298.667
298.667
298.667
298.667
298.667,343.273
343.273
343.273
343.273
343.273
343.273
343.273
343.273,689489859,2264875,303.362,0.00329639,0.249512,"0:684818113, 1:2254823, 2:4433, 3:210, 4:45, 5:13, 6:1, 7:0, 8:1, 9:0, 10:0, 11:0, 12:0, 13:0, 14:0, 15:0, 16:0, 17:0, 18:0, 19:0, 20:0, 21:0, 22:0, 23:0, 24:0, 25:0, 26:0, 27:0, 28:0, 29:0, 30:0, 31:0, 32+:0
0:690429234, 1:2254510, 2:4590, 3:219, 4:58, 5:13, 6:3, 7:4, 8:0, 9:1, 10:0, 11:0, 12:0, 13:0, 14:0, 15:0, 16:0, 17:0, 18:0, 19:0, 20:0, 21:0, 22:0, 23:0, 24:0, 25:0, 26:0, 27:0, 28:0, 29:0, 30:0, 31:0, 32+:0
0:686464754, 1:2253354, 2:4938, 3:214, 4:69, 5:20, 6:2, 7:2, 8:2, 9:0, 10:0, 11:0, 12:0, 13:0, 14:0, 15:0, 16:1, 17:0, 18:0, 19:0, 20:0, 21:0, 22:0, 23:0, 24:0, 25:0, 26:0, 27:0, 28:0, 29:0, 30:0, 31:0, 32+:0
0:687885965, 1:2254815, 2:4470, 3:200, 4:51, 5:10, 6:2, 7:1, 8:0, 9:0, 10:0, 11:0, 12:0, 13:0, 14:0, 15:0, 16:0, 17:0, 18:0, 19:0, 20:0, 21:0, 22:0, 23:0, 24:0, 25:0, 26:0, 27:0, 28:0, 29:0, 30:0, 31:0, 32+:0
0:687883443, 1:2252353, 2:5561, 3:222, 4:70, 5:18, 6:9, 7:2, 8:0, 9:1, 10:0, 11:0, 12:0, 13:0, 14:0, 15:0, 16:0, 17:0, 18:0, 19:0, 20:0, 21:0, 22:0, 23:0, 24:0, 25:0, 26:0, 27:0, 28:0, 29:0, 30:0, 31:0, 32+:0
0:688891554, 1:2254664, 2:4673, 3:196, 4:48, 5:12, 6:2, 7:1, 8:0, 9:0, 10:0, 11:0, 12:0, 13:0, 14:0, 15:0, 16:0, 17:0, 18:0, 19:0, 20:0, 21:0, 22:0, 23:0, 24:0, 25:0, 26:0, 27:0, 28:0, 29:0, 30:0, 31:0, 32+:0
0:688862857, 1:2251341, 2:6147, 3:199, 4:49, 5:17, 6:4, 7:0, 8:0, 9:0, 10:0, 11:0, 12:0, 13:0, 14:0, 15:0, 16:0, 17:0, 18:0, 19:0, 20:0, 21:0, 22:0, 23:0, 24:0, 25:0, 26:0, 27:0, 28:0, 29:0, 30:0, 31:0, 32+:0
0:687229636, 1:2255923, 2:4058, 3:161, 4:58, 5:17, 6:6, 7:0, 8:0, 9:0, 10:0, 11:0, 12:0, 13:0, 14:0, 15:0, 16:0, 17:0, 18:0, 19:0, 20:0, 21:0, 22:0, 23:0, 24:0, 25:0, 26:0, 27:0, 28:0, 29:0, 30:0, 31:0, 32+:0",135.6815286624204,34.961783439490446,12.038216560509554,22.929936305732483,35.19108280254777,10.745222929936306,3.7643312101910826,6.592356687898089,7.67515923566879,8.445859872611464,17.85987261146497
32,1,4096,1,2,"0 1",605083.53,318264736013,496968378515,18182352,26610.80,151987.08,2564.28,17532.8,27377.4,1.00164,1537.17,8779.51,0.000141263,103.273
103.273,184.242
184.242,215.273
215.273,689794193,9076791,76.0475,0.0131497,0.993004,"0:681255934, 1:8981733, 2:17584, 3:5311, 4:2563, 5:1328, 6:617, 7:370, 8:294, 9:282, 10:235, 11:212, 12:162, 13:154, 14:101, 15:86, 16:74, 17:47, 18:26, 19:24, 20:14, 21:7, 22:1, 23:2, 24:2, 25:1, 26:0, 27:0, 28:0, 29:0, 30:0, 31:0, 32+:0
0:680781429, 1:8983447, 2:17420, 3:5396, 4:2502, 5:1267, 6:625, 7:401, 8:327, 9:253, 10:209, 11:208, 12:184, 13:137, 14:124, 15:80, 16:60, 17:54, 18:26, 19:22, 20:11, 21:9, 22:0, 23:1, 24:1, 25:0, 26:0, 27:0, 28:0, 29:0, 30:0, 31:0, 32+:0",138.06666666666666,30.453333333333333,9.906666666666666,27.68,38.18666666666667,9.72,5.093333333333334,11.733333333333333,6.746666666666667,6.933333333333334,15.733333333333333
32,1,4096,1,4,"0 1 2 3",602341.07,636015553239,1023042158712,18102415,54379.56,302124.05,8092.62,35196.9,56614.9,1.00178,3155.53,17531.6,0.000447843,209.455
209.455
209.455
209.455,300.606
300.606
300.606
300.606,337.455
339.394
339.394
339.394,738328507,4517674,162.326,0.00616045,0.496088,"0:728854227, 1:4466598, 2:7735, 3:2036, 4:1479, 5:1072, 6:869, 7:601, 8:424, 9:239, 10:120, 11:68, 12:24, 13:17, 14:2, 15:4, 16:0, 17:0, 18:1, 19:0, 20:0, 21:0, 22:0, 23:0, 24:0, 25:0, 26:0, 27:0, 28:0, 29:0, 30:0, 31:0, 32+:0
0:728423230, 1:4463966, 2:9075, 3:2105, 4:1451, 5:1159, 6:840, 7:593, 8:397, 9:234, 10:149, 11:65, 12:41, 13:12, 14:5, 15:3, 16:1, 17:0, 18:0, 19:0, 20:0, 21:0, 22:0, 23:0, 24:0, 25:0, 26:0, 27:0, 28:0, 29:0, 30:0, 31:0, 32+:0
0:730401145, 1:4468958, 2:6903, 3:2222, 4:1468, 5:1180, 6:864, 7:568, 8:357, 9:224, 10:140, 11:67, 12:37, 13:10, 14:5, 15:3, 16:0, 17:0, 18:0, 19:0, 20:0, 21:0, 22:0, 23:0, 24:0, 25:0, 26:0, 27:0, 28:0, 29:0, 30:0, 31:0, 32+:1
0:733846289, 1:4467651, 2:7621, 3:2076, 4:1433, 5:1141, 6:832, 7:558, 8:406, 9:251, 10:128, 11:56, 12:43, 13:12, 14:8, 15:1, 16:1, 17:0, 18:0, 19:0, 20:0, 21:0, 22:0, 23:0, 24:0, 25:0, 26:0, 27:0, 28:0, 29:0, 30:0, 31:0, 32+:0",117.87586206896552,30.951724137931034,10.489655172413793,19.6,32.15172413793103,9.020689655172413,2.2275862068965515,6.503448275862069,6.848275862068966,7.427586206896552,15.648275862068965
32,1,4096,1,8,"0 1 2 3 4 5 6 7",600506.63,1156496414441,1894022341996,18186172,99364.23,618912.31,16884.58,64195.6,105135,1.00949,5783.5,36023.8,0.000937241,424.727
424.727
424.727
424.727
424.727
424.727
424.727
424.727,531.394
531.394
531.394
531.394
531.394
531.394
531.394
531.394,585.697
585.697
581.818
581.818
585.697
585.697
585.697
585.697,690166595,2251897,306.373,0.003264,0.247489,"0:687689372, 1:2214953, 2:13116, 3:1487, 4:338, 5:164, 6:111, 7:58, 8:37, 9:30, 10:18, 11:19, 12:24, 13:18, 14:9, 15:14, 16:19, 17:15, 18:9, 19:6, 20:5, 21:3, 22:3, 23:1, 24:1, 25:0, 26:0, 27:0, 28:0, 29:2, 30:0, 31:0, 32+:0
0:687118803, 1:2214806, 2:12869, 3:1482, 4:385, 5:219, 6:141, 7:67, 8:43, 9:31, 10:20, 11:26, 12:22, 13:16, 14:8, 15:6, 16:12, 17:8, 18:8, 19:6, 20:10, 21:8, 22:4, 23:0, 24:1, 25:1, 26:0, 27:1, 28:0, 29:2, 30:0, 31:0, 32+:0
0:688035621, 1:2216360, 2:12289, 3:1537, 4:296, 5:185, 6:114, 7:53, 8:36, 9:28, 10:30, 11:24, 12:18, 13:18, 14:19, 15:7, 16:15, 17:15, 18:7, 19:3, 20:4, 21:3, 22:4, 23:5, 24:4, 25:1, 26:1, 27:1, 28:3, 29:0, 30:0, 31:0, 32+:0
0:686254211, 1:2215229, 2:13097, 3:1443, 4:340, 5:207, 6:113, 7:46, 8:33, 9:30, 10:21, 11:29, 12:16, 13:8, 14:10, 15:11, 16:11, 17:9, 18:14, 19:4, 20:4, 21:1, 22:2, 23:4, 24:5, 25:1, 26:0, 27:2, 28:0, 29:0, 30:0, 31:0, 32+:0
0:688750721, 1:2213869, 2:13576, 3:1561, 4:353, 5:167, 6:115, 7:45, 8:39, 9:27, 10:25, 11:22, 12:15, 13:11, 14:14, 15:9, 16:9, 17:14, 18:5, 19:8, 20:5, 21:7, 22:6, 23:4, 24:0, 25:0, 26:1, 27:0, 28:0, 29:1, 30:1, 31:2, 32+:0
0:688848585, 1:2214794, 2:13134, 3:1600, 4:330, 5:182, 6:113, 7:66, 8:32, 9:28, 10:33, 11:17, 12:20, 13:7, 14:12, 15:9, 16:6, 17:10, 18:7, 19:7, 20:4, 21:6, 22:5, 23:2, 24:2, 25:1, 26:1, 27:1, 28:0, 29:0, 30:0, 31:0, 32+:0
0:689194788, 1:2216210, 2:12314, 3:1508, 4:337, 5:194, 6:104, 7:57, 8:45, 9:35, 10:29, 11:26, 12:20, 13:15, 14:14, 15:7, 16:8, 17:7, 18:10, 19:6, 20:5, 21:2, 22:5, 23:7, 24:3, 25:2, 26:2, 27:1, 28:0, 29:1, 30:1, 31:0, 32+:0
0:687937297, 1:2212727, 2:14053, 3:1636, 4:322, 5:176, 6:97, 7:65, 8:31, 9:26, 10:23, 11:24, 12:14, 13:13, 14:22, 15:6, 16:19, 17:6, 18:8, 19:5, 20:4, 21:1, 22:4, 23:4, 24:2, 25:3, 26:3, 27:1, 28:1, 29:2, 30:0, 31:0, 32+:0",112.77894736842106,37.56140350877193,10.294736842105262,17.12280701754386,31.901754385964914,9.424561403508772,2.1543859649122807,3.3473684210526318,9.557894736842105,7.319298245614035,19.596491228070175
64,1,4096,1,2,"0 1",599099.83,318265094705,487874417915,18015502,17603.25,147618.90,2439.79,17708,27144.9,1.00236,1027,8612.34,0.000135748,210.424
210.424,300.606
300.606,345.212
345.212,668301117,8986639,74.4207,0.0134371,0.994589,"0:659854163, 1:8913140, 2:15357, 3:4414, 4:1904, 5:896, 6:421, 7:255, 8:213, 9:183, 10:161, 11:134, 12:116, 13:88, 14:71, 15:52, 16:38, 17:24, 18:18, 19:17, 20:8, 21:7, 22:2, 23:3, 24:0, 25:1, 26:0, 27:0, 28:0, 29:0, 30:0, 31:0, 32+:0
0:659363218, 1:8913639, 2:15210, 3:4447, 4:1881, 5:910, 6:454, 7:236, 8:205, 9:173, 10:155, 11:128, 12:125, 13:96, 14:50, 15:69, 16:35, 17:32, 18:19, 19:16, 20:11, 21:2, 22:2, 23:3, 24:0, 25:0, 26:1, 27:0, 28:0, 29:0, 30:0, 31:0, 32+:0",112.87769784172662,29.489208633093526,9.410071942446043,16.280575539568346,32.92086330935252,8.37410071942446,2.4100719424460433,6.16546762589928,6.359712230215828,7.374100719424461,14.690647482014388
64,1,4096,1,4,"0 1 2 3",600447.70,636006647923,1013846962486,17951182,50162.54,304040.08,7432.95,35307.4,56282.8,0.996544,2920,17698.4,0.000412634,424.727
424.727
424.727
424.727,531.394
531.394
531.394
531.394,581.818
581.818
581.818
581.818,724535899,4503355,160.952,0.00621302,0.489684,"0:720415199, 1:4371370, 2:28791, 3:3724, 4:1117, 5:890, 6:875, 7:349, 8:235, 9:220, 10:195, 11:201, 12:192, 13:174, 14:193, 15:161, 16:122, 17:122, 18:149, 19:142, 20:120, 21:99, 22:103, 23:80, 24:78, 25:53, 26:50, 27:36, 28:41, 29:27, 30:30, 31:17, 32+:60
0:719188871, 1:4369708, 2:29725, 3:3759, 4:1062, 5:898, 6:827, 7:390, 8:232, 9:213, 10:194, 11:202, 12:168, 13:187, 14:154, 15:158, 16:141, 17:123, 18:135, 19:139, 20:129, 21:111, 22:87, 23:75, 24:76, 25:63, 26:58, 27:50, 28:30, 29:32, 30:30, 31:23, 32+:57
0:718894624, 1:4370680, 2:29493, 3:3719, 4:1149, 5:907, 6:875, 7:353, 8:215, 9:215, 10:220, 11:209, 12:196, 13:197, 14:174, 15:135, 16:166, 17:133, 18:106, 19:119, 20:119, 21:107, 22:83, 23:59, 24:62, 25:57, 26:59, 27:50, 28:36, 29:29, 30:28, 31:18, 32+:64
0:720125424, 1:4371560, 2:29190, 3:3756, 4:1069, 5:916, 6:825, 7:349, 8:216, 9:207, 10:215, 11:178, 12:176, 13:170, 14:167, 15:143, 16:119, 17:126, 18:145, 19:128, 20:114, 21:108, 22:94, 23:82, 24:82, 25:64, 26:46, 27:45, 28:44, 29:22, 30:22, 31:27, 32+:70",104.88278388278388,35.1941391941392,9.065934065934066,13.882783882783883,29.93040293040293,7.941391941391942,1.6007326007326008,3.271062271062271,14.391941391941392,6.227106227106227,13.311355311355312
64,1,4096,1,8,"0 1 2 3 4 5 6 7",602023.43,1155173120999,1880098752440,18211050,95856.31,612566.50,16933.69,63960.6,104099,1.00832,5565.27,35564.7,0.000937599,849.455
849.455
849.455
849.455
849.455
849.455
849.455
849.455,981.333
981.333
981.333
981.333
981.333
981.333
981.333
977.455,1124.848
1124.848
1124.848
1109.333
1101.576
1124.848
1140.364
1093.818,682263991,2257568,301.742,0.00331409,0.24541,"0:678982990, 1:2189106, 2:26915, 3:1974, 4:448, 5:226, 6:181, 7:76, 8:45, 9:43, 10:23, 11:27, 12:23, 13:19, 14:8, 15:15, 16:8, 17:16, 18:13, 19:12, 20:13, 21:10, 22:6, 23:6, 24:1, 25:3, 26:4, 27:3, 28:2, 29:0, 30:1, 31:0, 32+:1
0:681814075, 1:2187624, 2:27650, 3:1983, 4:446, 5:276, 6:169, 7:69, 8:49, 9:37, 10:32, 11:27, 12:18, 13:22, 14:13, 15:16, 16:13, 17:9, 18:9, 19:9, 20:9, 21:9, 22:7, 23:7, 24:2, 25:4, 26:2, 27:0, 28:1, 29:0, 30:1, 31:2, 32+:3
0:680640458, 1:2189037, 2:26740, 3:1941, 4:465, 5:300, 6:173, 7:92, 8:51, 9:31, 10:36, 11:24, 12:14, 13:11, 14:22, 15:8, 16:12, 17:9, 18:6, 19:7, 20:15, 21:10, 22:11, 23:7, 24:6, 25:7, 26:0, 27:1, 28:1, 29:2, 30:1, 31:0, 32+:6
0:681211193, 1:2190518, 2:26262, 3:1977, 4:421, 5:261, 6:152, 7:79, 8:39, 9:41, 10:23, 11:18, 12:19, 13:15, 14:19, 15:11, 16:14, 17:11, 18:15, 19:9, 20:12, 21:10, 22:6, 23:4, 24:2, 25:6, 26:5, 27:1, 28:4, 29:1, 30:2, 31:1, 32+:3
0:681800965, 1:2187585, 2:27834, 3:2009, 4:445, 5:241, 6:163, 7:61, 8:59, 9:31, 10:23, 11:19, 12:19, 13:17, 14:10, 15:12, 16:12, 17:11, 18:14, 19:9, 20:10, 21:5, 22:7, 23:3, 24:5, 25:2, 26:1, 27:3, 28:2, 29:0, 30:2, 31:0, 32+:7
0:680586008, 1:2186184, 2:28112, 3:1986, 4:427, 5:275, 6:197, 7:82, 8:41, 9:29, 10:31, 11:30, 12:23, 13:17, 14:12, 15:24, 16:9, 17:14, 18:10, 19:9, 20:12, 21:6, 22:9, 23:6, 24:4, 25:10, 26:3, 27:1, 28:0, 29:2, 30:3, 31:1, 32+:2
0:680958935, 1:2190981, 2:26167, 3:1905, 4:432, 5:256, 6:190, 7:72, 8:50, 9:33, 10:16, 11:21, 12:16, 13:25, 14:16, 15:15, 16:17, 17:11, 18:14, 19:15, 20:14, 21:2, 22:4, 23:4, 24:3, 25:0, 26:0, 27:2, 28:0, 29:4, 30:0, 31:0, 32+:3
0:680047829, 1:2182884, 2:30004, 3:2104, 4:408, 5:246, 6:147, 7:82, 8:46, 9:29, 10:26, 11:18, 12:20, 13:16, 14:21, 15:15, 16:16, 17:11, 18:9, 19:9, 20:7, 21:9, 22:6, 23:9, 24:4, 25:4, 26:3, 27:2, 28:0, 29:2, 30:1, 31:1, 32+:3",106.93715341959334,34.87985212569316,9.805914972273568,13.515711645101664,31.042513863216268,8.292051756007394,1.11275415896488,1.88909426987061,12.070240295748613,7.1682070240295745,14.55268022181146
128,1,4096,1,2,"0 1",599057.30,318243917409,468008550683,17849560,24305.21,150099.87,2520.73,17708,26041.4,0.993203,1418.11,8757.71,0.000140261,424.727
424.727,531.394
531.394,597.333
597.333,625369860,8985870,69.5384,0.0143805,0.916557,"0:616651496, 1:7500393, 2:686118, 3:15640, 4:2739, 5:2778, 6:1818, 7:420, 8:197, 9:150, 10:119, 11:113, 12:120, 13:88, 14:100, 15:99, 16:79, 17:87, 18:62, 19:71, 20:86, 21:64, 22:57, 23:43, 24:37, 25:21, 26:35, 27:27, 28:24, 29:14, 30:13, 31:10, 32+:40
0:617133757, 1:7549373, 2:662254, 3:14892, 4:2698, 5:2919, 6:1803, 7:372, 8:191, 9:140, 10:121, 11:134, 12:86, 13:99, 14:105, 15:74, 16:85, 17:84, 18:90, 19:95, 20:81, 21:65, 22:44, 23:61, 24:45, 25:33, 26:36, 27:23, 28:17, 29:21, 30:19, 31:10, 32+:33",132.00374531835206,35.29588014981273,9.41947565543071,13.801498127340825,30.9438202247191,8.258426966292134,1.0374531835205993,5.022471910112359,11.745318352059925,7.254681647940075,15.213483146067416
128,1,4096,1,4,"0 1 2 3",600228.27,636053206995,993232302819,17804328,49049.55,300480.53,7681.92,35322.9,55158.7,0.988756,2856.26,17497.6,0.000426612,853.333
853.333
853.333
853.333,985.212
985.212
985.212
985.212,1132.606
1140.364
1140.364
1148.121,702538403,4501756,156.057,0.00640791,0.455708,"0:698428838, 1:3760546, 2:328190, 3:7702, 4:1083, 5:904, 6:933, 7:399, 8:220, 9:200, 10:196, 11:200, 12:187, 13:164, 14:139, 15:157, 16:139, 17:138, 18:119, 19:124, 20:118, 21:85, 22:75, 23:84, 24:67, 25:53, 26:49, 27:40, 28:36, 29:37, 30:19, 31:26, 32+:72
0:696103785, 1:3707755, 2:352537, 3:8464, 4:1158, 5:947, 6:903, 7:410, 8:280, 9:196, 10:177, 11:180, 12:204, 13:159, 14:174, 15:141, 16:155, 17:143, 18:138, 19:112, 20:132, 21:97, 22:90, 23:71, 24:72, 25:53, 26:55, 27:29, 28:45, 29:25, 30:31, 31:27, 32+:63
0:697227150, 1:3750471, 2:331466, 3:7675, 4:1245, 5:1014, 6:906, 7:432, 8:269, 9:220, 10:204, 11:203, 12:182, 13:185, 14:165, 15:150, 16:146, 17:135, 18:125, 19:121, 20:131, 21:110, 22:91, 23:94, 24:69, 25:66, 26:57, 27:45, 28:33, 29:25, 30:28, 31:19, 32+:53
0:698435433, 1:3763751, 2:325455, 3:7327, 4:1171, 5:985, 6:982, 7:422, 8:262, 9:178, 10:223, 11:179, 12:170, 13:173, 14:160, 15:156, 16:165, 17:155, 18:118, 19:125, 20:121, 21:85, 22:101, 23:86, 24:82, 25:49, 26:55, 27:46, 28:37, 29:35, 30:29, 31:20, 32+:67",106.31379962192817,33.14555765595463,8.812854442344046,11.340264650283554,27.782608695652176,7.843100189035916,0.6389413988657845,2.054820415879017,10.754253308128545,7.601134215500945,13.60491493383743
128,1,4096,1,8,"0 1 2 3 4 5 6 7",600346.53,1155876652056,1863077744840,17925234,142464.62,628095.63,16925.90,64178.3,103445,0.995271,8294.37,36568.1,0.000939785,1706.667
1706.667
1706.667
1706.667
1706.667
1706.667
1706.667
1706.667,1877.333
1877.333
1877.333
1877.333
1877.333
1877.333
1877.333
1877.333,2094.545
2110.061
2110.061
2110.061
2110.061
2110.061
2110.061
2094.545,674234329,2251295,298.897,0.00334563,0.222417,"0:670904966, 1:1770080, 2:216737, 3:11881, 4:668, 5:305, 6:266, 7:126, 8:67, 9:28, 10:33, 11:39, 12:27, 13:26, 14:12, 15:16, 16:9, 17:15, 18:18, 19:12, 20:16, 21:13, 22:6, 23:4, 24:7, 25:4, 26:2, 27:2, 28:2, 29:2, 30:2, 31:3, 32+:10
0:672036677, 1:1768422, 2:217690, 3:11746, 4:693, 5:307, 6:265, 7:132, 8:63, 9:38, 10:31, 11:27, 12:17, 13:18, 14:25, 15:33, 16:18, 17:20, 18:5, 19:13, 20:17, 21:10, 22:5, 23:5, 24:10, 25:4, 26:5, 27:2, 28:4, 29:0, 30:2, 31:1, 32+:5
0:671418737, 1:1772311, 2:216169, 3:11588, 4:663, 5:302, 6:251, 7:126, 8:76, 9:49, 10:35, 11:32, 12:19, 13:22, 14:20, 15:23, 16:18, 17:20, 18:13, 19:11, 20:11, 21:10, 22:6, 23:7, 24:4, 25:2, 26:1, 27:6, 28:1, 29:1, 30:1, 31:1, 32+:5
0:671408390, 1:1776297, 2:214598, 3:11417, 4:634, 5:323, 6:235, 7:105, 8:67, 9:41, 10:38, 11:22, 12:30, 13:23, 14:13, 15:14, 16:15, 17:19, 18:13, 19:14, 20:12, 21:13, 22:5, 23:3, 24:5, 25:4, 26:3, 27:1, 28:1, 29:4, 30:1, 31:4, 32+:7
0:670642410, 1:1767379, 2:217685, 3:12066, 4:714, 5:284, 6:236, 7:153, 8:71, 9:51, 10:41, 11:25, 12:20, 13:22, 14:13, 15:19, 16:19, 17:15, 18:11, 19:18, 20:14, 21:18, 22:6, 23:7, 24:2, 25:7, 26:4, 27:1, 28:3, 29:0, 30:1, 31:1, 32+:10
0:670331849, 1:1766549, 2:218066, 3:12092, 4:682, 5:302, 6:287, 7:143, 8:55, 9:42, 10:31, 11:36, 12:24, 13:16, 14:23, 15:26, 16:26, 17:10, 18:18, 19:10, 20:13, 21:9, 22:11, 23:6, 24:5, 25:4, 26:4, 27:1, 28:3, 29:0, 30:1, 31:1, 32+:8
0:669630030, 1:1762989, 2:219671, 3:12284, 4:665, 5:319, 6:252, 7:125, 8:73, 9:47, 10:38, 11:33, 12:21, 13:26, 14:17, 15:17, 16:25, 17:11, 18:14, 19:8, 20:8, 21:10, 22:15, 23:4, 24:5, 25:5, 26:6, 27:4, 28:2, 29:2, 30:2, 31:1, 32+:5
0:672231375, 1:1774419, 2:215328, 3:11515, 4:630, 5:296, 6:235, 7:149, 8:81, 9:43, 10:35, 11:29, 12:15, 13:25, 14:21, 15:23, 16:13, 17:11, 18:9, 19:10, 20:19, 21:6, 22:5, 23:7, 24:7, 25:2, 26:2, 27:3, 28:2, 29:5, 30:4, 31:3, 32+:2",137.01234567901236,38.22792022792023,9.936372269705602,12.234567901234568,30.552706552706553,8.588793922127255,0.6286799620132953,0.9088319088319088,11.884140550807217,9.987654320987655,15.39696106362773
16,1,16384,1,2,"0 1",245562.87,318271514859,516542166662,7428402,38115.89,241285.32,2753.88,43203,70116.7,1.00835,5425.28,34343.7,0.000373819,128.000
128.000,206.545
206.545,241.455
241.455,742576455,3683569,201.667,0.00495866,0.995678,"0:739187364, 1:3657909, 2:6699, 3:1323, 4:886, 5:542, 6:235, 7:47, 8:6, 9:0, 10:0, 11:0, 12:0, 13:0, 14:0, 15:0, 16:0, 17:0, 18:0, 19:0, 20:0, 21:0, 22:0, 23:0, 24:0, 25:0, 26:0, 27:0, 28:0, 29:0, 30:0, 31:0, 32+:0
0:738908923, 1:3657734, 2:6586, 3:1405, 4:969, 5:536, 6:231, 7:62, 8:9, 9:0, 10:0, 11:0, 12:0, 13:0, 14:0, 15:0, 16:0, 17:0, 18:0, 19:0, 20:0, 21:0, 22:0, 23:0, 24:0, 25:0, 26:0, 27:0, 28:0, 29:0, 30:0, 31:0, 32+:0",198.25581395348837,37.41860465116279,13.069767441860465,44.627906976744185,59.53488372093023,16.558139534883722,6.046511627906977,19.953488372093023,7.604651162790698,7.5813953488372094,21.11627906976744
16,1,16384,1,4,"0 1 2 3",243891.27,636175635388,1042701978148,7411795,72520.99,482368.28,7709.53,86948,142509,1.01299,10393.1,69129.1,0.00105368,261.818
261.818
261.818
261.818,360.727
360.727
360.727
360.727,399.515
399.515
399.515
399.515,760972836,1829245,415.518,0.00240664,0.497488,"0:758264003, 1:1814032, 2:3667, 3:1655, 4:515, 5:124, 6:13, 7:2, 8:1, 9:0, 10:0, 11:0, 12:0, 13:0, 14:0, 15:0, 16:1, 17:0, 18:0, 19:0, 20:0, 21:0, 22:0, 23:0, 24:0, 25:0, 26:0, 27:0, 28:0, 29:0, 30:0, 31:0, 32+:0
0:759796868, 1:1813734, 2:3506, 3:1763, 4:595, 5:127, 6:23, 7:0, 8:0, 9:0, 10:0, 11:0, 12:0, 13:0, 14:0, 15:0, 16:0, 17:0, 18:0, 19:0, 20:0, 21:0, 22:0, 23:0, 24:0, 25:0, 26:0, 27:0, 28:0, 29:0, 30:0, 31:0, 32+:0
0:760806512, 1:1813906, 2:3565, 3:1759, 4:535, 5:118, 6:19, 7:3, 8:0, 9:0, 10:0, 11:0, 12:0, 13:0, 14:0, 15:0, 16:0, 17:0, 18:0, 19:0, 20:0, 21:0, 22:0, 23:0, 24:0, 25:0, 26:0, 27:0, 28:0, 29:0, 30:0, 31:0, 32+:0
0:759152832, 1:1814025, 2:3599, 3:1676, 4:551, 5:129, 6:23, 7:1, 8:0, 9:0, 10:0, 11:0, 12:0, 13:0, 14:0, 15:0, 16:0, 17:0, 18:0, 19:0, 20:0, 21:0, 22:0, 23:0, 24:0, 25:0, 26:0, 27:0, 28:0, 29:0, 30:0, 31:0, 32+:0",183.4320987654321,40.23456790123457,13.617283950617283,33.44444444444444,58.76543209876543,13.54320987654321,6.91358024691358,11.962962962962964,8.271604938271604,9.679012345679013,21.25925925925926
16,1,16384,1,8,"0 1 2 3 4 5 6 7",242921.60,1156559635217,1913844258409,7475960,60180.36,949202.51,16881.70,158701,262615,1.02584,8658.99,136575,0.00231648,527.515
527.515
527.515
527.515
527.515
527.515
527.515
527.515,659.394
659.394
659.394
659.394
659.394
659.394
659.394
659.394,725.333
721.455
717.576
721.455
721.455
721.455
721.455
725.333,703202758,910960,770.952,0.0012971,0.24986,"0:701396448, 1:910151, 2:122, 3:52, 4:61, 5:24, 6:2, 7:0, 8:1, 9:1, 10:0, 11:0, 12:0, 13:0, 14:0, 15:0, 16:0, 17:0, 18:0, 19:0, 20:0, 21:0, 22:0, 23:0, 24:0, 25:0, 26:0, 27:0, 28:0, 29:0, 30:0, 31:0, 32+:0
0:703193806, 1:910165, 2:102, 3:37, 4:69, 5:32, 6:1, 7:2, 8:1, 9:0, 10:0, 11:0, 12:0, 13:0, 14:0, 15:0, 16:0, 17:0, 18:0, 19:0, 20:0, 21:0, 22:0, 23:0, 24:0, 25:0, 26:0, 27:0, 28:0, 29:0, 30:0, 31:0, 32+:0
0:703368287, 1:910105, 2:103, 3:54, 4:75, 5:35, 6:2, 7:0, 8:0, 9:0, 10:0, 11:0, 12:0, 13:0, 14:0, 15:0, 16:0, 17:0, 18:0, 19:0, 20:0, 21:0, 22:0, 23:0, 24:0, 25:0, 26:0, 27:0, 28:0, 29:0, 30:0, 31:0, 32+:0
0:701400186, 1:910168, 2:96, 3:42, 4:74, 5:25, 6:2, 7:2, 8:1, 9:1, 10:1, 11:0, 12:0, 13:0, 14:0, 15:0, 16:0, 17:0, 18:0, 19:0, 20:0, 21:0, 22:0, 23:0, 24:0, 25:0, 26:0, 27:0, 28:0, 29:0, 30:0, 31:0, 32+:0
0:702867062, 1:910162, 2:112, 3:31, 4:68, 5:27, 6:5, 7:4, 8:2, 9:0, 10:0, 11:0, 12:0, 13:0, 14:0, 15:0, 16:0, 17:0, 18:0, 19:0, 20:0, 21:0, 22:0, 23:0, 24:0, 25:0, 26:0, 27:0, 28:0, 29:0, 30:0, 31:0, 32+:0
0:703221383, 1:910198, 2:84, 3:50, 4:67, 5:34, 6:1, 7:0, 8:0, 9:0, 10:0, 11:0, 12:0, 13:0, 14:0, 15:0, 16:0, 17:0, 18:0, 19:0, 20:0, 21:0, 22:0, 23:0, 24:0, 25:0, 26:0, 27:0, 28:0, 29:0, 30:0, 31:0, 32+:0
0:703604610, 1:910091, 2:112, 3:50, 4:73, 5:32, 6:2, 7:1, 8:3, 9:0, 10:0, 11:0, 12:0, 13:0, 14:0, 15:0, 16:0, 17:0, 18:0, 19:0, 20:0, 21:0, 22:0, 23:0, 24:0, 25:0, 26:0, 27:0, 28:0, 29:0, 30:0, 31:0, 32+:0
0:702292304, 1:910217, 2:94, 3:51, 4:65, 5:25, 6:0, 7:1, 8:0, 9:0, 10:1, 11:0, 12:0, 13:0, 14:0, 15:0, 16:0, 17:0, 18:0, 19:0, 20:0, 21:0, 22:0, 23:0, 24:0, 25:0, 26:0, 27:0, 28:0, 29:0, 30:0, 31:0, 32+:0",147.1464968152866,32.78343949044586,10.94267515923567,21.254777070063696,49.68789808917197,11.535031847133759,4.356687898089172,6.382165605095541,7.235668789808917,7.834394904458598,16.70063694267516
32,1,16384,1,2,"0 1",243196.87,318338613213,515502502027,7339133,19244.45,235653.73,2474.17,43632.5,70656.4,1.00592,2765.83,33868.4,0.000339117,261.818
261.818,360.727
360.727,403.394
401.455,740572241,3647978,202.59,0.00493609,0.996017,"0:735409244, 1:3623961, 2:6452, 3:1073, 4:809, 5:510, 6:233, 7:77, 8:10, 9:1, 10:0, 11:0, 12:0, 13:0, 14:0, 15:0, 16:0, 17:0, 18:0, 19:0, 20:0, 21:0, 22:0, 23:0, 24:0, 25:0, 26:0, 27:0, 28:0, 29:0, 30:0, 31:0, 32+:1
0:736938801, 1:3624243, 2:6559, 3:1074, 4:800, 5:467, 6:229, 7:58, 8:10, 9:0, 10:0, 11:0, 12:0, 13:0, 14:0, 15:0, 16:0, 17:0, 18:0, 19:0, 20:0, 21:0, 22:0, 23:0, 24:0, 25:0, 26:0, 27:0, 28:0, 29:0, 30:0, 31:0, 32+:0",153.98666666666668,37.693333333333335,10.76,24.093333333333334,54.693333333333335,11.066666666666666,4.413333333333333,12.32,7.72,8.72,20.30666666666667
32,1,16384,1,4,"0 1 2 3",251276.17,635861616635,1043069381001,7565213,22122.13,484351.26,7322.42,84350.9,138369,1.00357,3077.19,67373.3,0.000971364,508.121
508.121
508.121
508.121,640.000
640.000
640.000
640.000,702.061
702.061
698.182
702.061,759688290,1884566,403.951,0.00247555,0.494836,"0:759406274, 1:1860748, 2:854, 3:479, 4:634, 5:515, 6:434, 7:386, 8:803, 9:410, 10:15, 11:0, 12:0, 13:0, 14:0, 15:0, 16:0, 17:0, 18:0, 19:0, 20:0, 21:0, 22:0, 23:0, 24:0, 25:0, 26:0, 27:0, 28:0, 29:0, 30:0, 31:0, 32+:0
0:758170320, 1:1861867, 2:807, 3:483, 4:644, 5:532, 6:388, 7:368, 8:742, 9:383, 10:11, 11:1, 12:0, 13:0, 14:0, 15:0, 16:0, 17:0, 18:0, 19:0, 20:0, 21:0, 22:0, 23:0, 24:0, 25:0, 26:0, 27:0, 28:0, 29:0, 30:0, 31:0, 32+:0
0:759447685, 1:1861372, 2:849, 3:458, 4:671, 5:506, 6:410, 7:353, 8:764, 9:410, 10:18, 11:0, 12:0, 13:0, 14:0, 15:0, 16:0, 17:0, 18:0, 19:0, 20:0, 21:0, 22:0, 23:0, 24:0, 25:0, 26:0, 27:0, 28:0, 29:0, 30:0, 31:0, 32+:0
0:757823166, 1:1860537, 2:855, 3:489, 4:678, 5:543, 6:406, 7:388, 8:806, 9:412, 10:9, 11:0, 12:0, 13:0, 14:0, 15:0, 16:0, 17:0, 18:0, 19:0, 20:0, 21:0, 22:0, 23:0, 24:0, 25:0, 26:0, 27:1, 28:0, 29:0, 30:0, 31:0, 32+:0",136.24827586206897,33.48275862068966,10.020689655172413,18.786206896551725,48.703448275862065,9.875862068965517,2.310344827586207,7.972413793103448,7.020689655172414,8.613793103448275,16.71034482758621
32,1,16384,1,8,"0 1 2 3 4 5 6 7",250109.70,1156199542055,1912013060899,7679499,96792.43,988371.51,16831.60,154092,254823,1.02348,13526.6,138124,0.00224323,1024.000
1024.000
1024.000
1024.000
1024.000
1024.000
1024.000
1024.000,1210.182
1202.424
1210.182
1202.424
1210.182
1210.182
1202.424
1202.424,1280.000
1287.758
1287.758
1280.000
1280.000
1280.000
1287.758
1280.000,702805488,937915,749.881,0.00133354,0.249839,"0:702387448, 1:937153, 2:102, 3:24, 4:69, 5:29, 6:1, 7:1, 8:2, 9:1, 10:0, 11:0, 12:0, 13:0, 14:0, 15:0, 16:0, 17:0, 18:0, 19:0, 20:0, 21:0, 22:0, 23:0, 24:0, 25:0, 26:0, 27:0, 28:0, 29:0, 30:0, 31:0, 32+:0
0:701178624, 1:937045, 2:106, 3:30, 4:73, 5:33, 6:2, 7:2, 8:5, 9:2, 10:0, 11:0, 12:0, 13:0, 14:0, 15:0, 16:0, 17:0, 18:0, 19:0, 20:0, 21:0, 22:0, 23:0, 24:0, 25:0, 26:0, 27:0, 28:0, 29:0, 30:0, 31:0, 32+:0
0:700223439, 1:936961, 2:108, 3:46, 4:73, 5:51, 6:6, 7:2, 8:1, 9:0, 10:0, 11:0, 12:0, 13:0, 14:0, 15:0, 16:0, 17:0, 18:0, 19:0, 20:0, 21:0, 22:0, 23:0, 24:0, 25:0, 26:0, 27:0, 28:0, 29:0, 30:0, 31:0, 32+:0
0:701541835, 1:937095, 2:94, 3:30, 4:71, 5:37, 6:1, 7:2, 8:5, 9:2, 10:0, 11:0, 12:0, 13:0, 14:0, 15:0, 16:0, 17:0, 18:0, 19:0, 20:0, 21:0, 22:0, 23:0, 24:0, 25:0, 26:0, 27:0, 28:0, 29:0, 30:0, 31:0, 32+:0
0:702219559, 1:937020, 2:98, 3:45, 4:78, 5:43, 6:7, 7:0, 8:0, 9:0, 10:0, 11:0, 12:0, 13:0, 14:0, 15:0, 16:0, 17:0, 18:0, 19:0, 20:0, 21:0, 22:0, 23:0, 24:0, 25:0, 26:0, 27:0, 28:0, 29:0, 30:0, 31:0, 32+:0
0:701083721, 1:936961, 2:111, 3:37, 4:71, 5:56, 6:1, 7:3, 8:1, 9:3, 10:0, 11:0, 12:0, 13:0, 14:0, 15:0, 16:0, 17:0, 18:0, 19:0, 20:0, 21:0, 22:0, 23:0, 24:0, 25:0, 26:0, 27:0, 28:0, 29:0, 30:0, 31:0, 32+:0
0:700479997, 1:937065, 2:100, 3:37, 4:73, 5:40, 6:2, 7:1, 8:3, 9:1, 10:0, 11:0, 12:0, 13:0, 14:0, 15:0, 16:0, 17:0, 18:0, 19:0, 20:0, 21:0, 22:0, 23:0, 24:0, 25:0, 26:0, 27:0, 28:0, 29:0, 30:0, 31:0, 32+:0
0:701868166, 1:937081, 2:81, 3:35, 4:71, 5:49, 6:0, 7:3, 8:1, 9:1, 10:0, 11:0, 12:0, 13:0, 14:0, 15:0, 16:0, 17:0, 18:0, 19:0, 20:0, 21:0, 22:0, 23:0, 24:0, 25:0, 26:0, 27:0, 28:0, 29:0, 30:0, 31:0, 32+:0",131.96842105263158,31.51578947368421,10.719298245614034,16.743859649122808,48.72631578947368,10.228070175438596,1.7894736842105263,3.3789473684210525,6.312280701754386,7.8350877192982455,16.326315789473686
64,1,16384,1,2,"0 1",248882.77,318390292167,511522215715,7488737,7516.39,237987.37,2366.28,42642.6,68509.2,1.00298,1055.59,33422.4,0.00031692,512.000
512.000,643.879
643.879,705.939
705.939,730091178,3733221,195.466,0.00511599,0.994711,"0:726003123, 1:3704294, 2:6482, 3:476, 4:352, 5:348, 6:286, 7:298, 8:620, 9:284, 10:11, 11:0, 12:0, 13:0, 14:0, 15:0, 16:0, 17:0, 18:0, 19:0, 20:0, 21:0, 22:0, 23:0, 24:0, 25:0, 26:0, 27:0, 28:0, 29:0, 30:0, 31:0, 32+:0
0:726377652, 1:3704446, 2:6421, 3:472, 4:338, 5:343, 6:285, 7:325, 8:607, 9:281, 10:8, 11:0, 12:0, 13:0, 14:0, 15:0, 16:0, 17:0, 18:0, 19:0, 20:0, 21:0, 22:0, 23:0, 24:0, 25:0, 26:0, 27:0, 28:0, 29:0, 30:0, 31:0, 32+:0",128.5107913669065,34.67625899280576,9.20863309352518,17.575539568345324,47.62589928057554,7.9784172661870505,1.6474820143884892,6.489208633093525,5.9352517985611515,9.748201438848922,17.9568345323741
64,1,16384,1,4,"0 1 2 3",248828.87,636063892489,1039336973660,7480720,37363.11,484624.71,7322.03,85207.6,139230,1.00212,5248.32,68074.3,0.000980865,1031.758
1031.758
1031.758
1031.758,1217.939
1217.939
1210.182
1210.182,1311.030
1311.030
1303.273
1318.788,757552444,1866210,405.32,0.00246718,0.493356,"0:754571458, 1:1836394, 2:834, 3:408, 4:610, 5:516, 6:462, 7:509, 8:1111, 9:713, 10:23, 11:0, 12:0, 13:0, 14:0, 15:0, 16:0, 17:0, 18:0, 19:0, 20:0, 21:0, 22:0, 23:0, 24:0, 25:0, 26:0, 27:0, 28:0, 29:0, 30:0, 31:0, 32+:0
0:753638828, 1:1836278, 2:803, 3:372, 4:621, 5:563, 6:527, 7:483, 8:1123, 9:691, 10:18, 11:0, 12:0, 13:0, 14:0, 15:1, 16:0, 17:0, 18:0, 19:0, 20:0, 21:0, 22:0, 23:0, 24:0, 25:0, 26:0, 27:0, 28:0, 29:0, 30:0, 31:0, 32+:0
0:753167743, 1:1836474, 2:877, 3:379, 4:602, 5:513, 6:471, 7:491, 8:1111, 9:709, 10:37, 11:0, 12:0, 13:0, 14:0, 15:0, 16:0, 17:0, 18:0, 19:0, 20:0, 21:0, 22:0, 23:0, 24:0, 25:0, 26:0, 27:0, 28:0, 29:0, 30:0, 31:0, 32+:0
0:755710996, 1:1836234, 2:783, 3:411, 4:633, 5:560, 6:481, 7:499, 8:1179, 9:646, 10:22, 11:0, 12:0, 13:0, 14:0, 15:0, 16:0, 17:0, 18:0, 19:0, 20:0, 21:0, 22:0, 23:0, 24:0, 25:0, 26:0, 27:0, 28:0, 29:0, 30:0, 31:0, 32+:0",136.13186813186815,33.8974358974359,9.252747252747254,13.043956043956044,43.30402930402931,7.897435897435898,1.7032967032967032,3.5604395604395602,6.52014652014652,8.164835164835164,18.036630036630036
64,1,16384,1,8,"0 1 2 3 4 5 6 7",245461.77,1157969553436,1911714009645,7507681,55653.03,958114.85,16809.77,157251,259608,1.01953,7924.72,136431,0.00228274,2094.545
2094.545
2094.545
2094.545
2094.545
2094.545
2094.545
2094.545,2358.303
2358.303
2358.303
2358.303
2358.303
2358.303
2358.303
2358.303,2544.485
2544.485
2544.485
2528.970
2528.970
2513.455
2528.970
2528.970,702618492,920461,762.708,0.00131112,0.249659,"0:701123519, 1:918712, 2:122, 3:59, 4:178, 5:81, 6:7, 7:3, 8:9, 9:7, 10:0, 11:0, 12:0, 13:0, 14:0, 15:0, 16:0, 17:0, 18:0, 19:0, 20:0, 21:0, 22:0, 23:0, 24:0, 25:0, 26:0, 27:0, 28:0, 29:0, 30:0, 31:0, 32+:0
0:701193821, 1:918878, 2:122, 3:48, 4:167, 5:78, 6:4, 7:2, 8:5, 9:4, 10:1, 11:0, 12:0, 13:0, 14:0, 15:0, 16:0, 17:0, 18:0, 19:0, 20:0, 21:0, 22:0, 23:0, 24:0, 25:0, 26:0, 27:0, 28:0, 29:0, 30:0, 31:0, 32+:0
0:700614495, 1:918881, 2:135, 3:44, 4:143, 5:80, 6:11, 7:6, 8:5, 9:5, 10:0, 11:0, 12:0, 13:0, 14:0, 15:0, 16:0, 17:0, 18:0, 19:0, 20:0, 21:0, 22:0, 23:0, 24:0, 25:0, 26:0, 27:0, 28:0, 29:0, 30:0, 31:0, 32+:0
0:699392038, 1:918722, 2:145, 3:46, 4:183, 5:83, 6:6, 7:10, 8:8, 9:5, 10:0, 11:0, 12:0, 13:0, 14:0, 15:0, 16:0, 17:0, 18:0, 19:0, 20:0, 21:0, 22:0, 23:0, 24:0, 25:0, 26:0, 27:0, 28:0, 29:0, 30:0, 31:0, 32+:0
0:698844363, 1:918949, 2:121, 3:53, 4:168, 5:71, 6:5, 7:4, 8:5, 9:3, 10:1, 11:0, 12:0, 13:0, 14:0, 15:0, 16:0, 17:0, 18:0, 19:0, 20:0, 21:0, 22:0, 23:0, 24:0, 25:0, 26:0, 27:0, 28:0, 29:0, 30:0, 31:0, 32+:0
0:700998318, 1:918719, 2:131, 3:56, 4:179, 5:85, 6:4, 7:6, 8:15, 9:4, 10:0, 11:0, 12:0, 13:0, 14:0, 15:0, 16:0, 17:0, 18:0, 19:0, 20:0, 21:0, 22:0, 23:0, 24:0, 25:0, 26:0, 27:0, 28:0, 29:0, 30:0, 31:0, 32+:0
0:700033100, 1:919000, 2:116, 3:56, 4:138, 5:79, 6:5, 7:5, 8:8, 9:4, 10:0, 11:0, 12:0, 13:0, 14:0, 15:0, 16:0, 17:0, 18:0, 19:0, 20:0, 21:0, 22:0, 23:0, 24:0, 25:0, 26:0, 27:0, 28:0, 29:0, 30:0, 31:0, 32+:0
0:701699234, 1:918816, 2:117, 3:65, 4:154, 5:78, 6:5, 7:9, 8:9, 9:5, 10:0, 11:0, 12:0, 13:0, 14:0, 15:0, 16:0, 17:0, 18:0, 19:0, 20:0, 21:0, 22:0, 23:0, 24:0, 25:0, 26:0, 27:0, 28:0, 29:0, 30:0, 31:0, 32+:0",120.91682070240296,32.905730129390015,9.855822550831792,13.085027726432532,47.80591497227357,7.961182994454713,0.7319778188539742,1.9279112754158965,6.099815157116451,8.064695009242143,17.76709796672828
128,1,16384,1,2,"0 1",243642.62,318405152994,501590935488,7373985,33697.50,241596.53,2676.98,43561.8,68623.9,1.00885,4834.18,34659,0.000366244,1047.273
1047.273,1233.455
1233.455,1342.061
1342.061,708517837,3654626,194,0.00515465,0.995781,"0:705356427, 1:3633012, 2:4747, 3:369, 4:367, 5:287, 6:192, 7:163, 8:436, 9:251, 10:10, 11:0, 12:0, 13:0, 14:0, 15:0, 16:0, 17:0, 18:0, 19:0, 20:0, 21:0, 22:0, 23:0, 24:0, 25:0, 26:0, 27:0, 28:0, 29:0, 30:0, 31:0, 32+:0
0:704878555, 1:3632254, 2:4970, 3:312, 4:324, 5:276, 6:209, 7:217, 8:450, 9:258, 10:10, 11:1, 12:0, 13:0, 14:1, 15:0, 16:0, 17:0, 18:0, 19:0, 20:0, 21:0, 22:0, 23:0, 24:0, 25:0, 26:0, 27:0, 28:0, 29:0, 30:0, 31:0, 32+:0",116.19101123595506,38.47565543071161,9.745318352059925,13.134831460674157,43.89138576779026,7.299625468164794,1.3745318352059925,3.2808988764044944,5.5543071161048685,10.906367041198502,21.0
128,1,16384,1,4,"0 1 2 3",243874.27,636037752174,1029631375005,7355359,23033.13,470074.83,7296.27,86935.2,140733,1.00535,3301.15,67372,0.000997272,2110.061
2110.061
2110.061
2110.061,2358.303
2358.303
2358.303
2358.303,2497.939
2513.455
2513.455
2513.455,745902653,1829056,407.074,0.00245655,0.495282,"0:742749709, 1:1807981, 2:641, 3:360, 4:624, 5:494, 6:365, 7:290, 8:762, 9:369, 10:11, 11:0, 12:0, 13:0, 14:0, 15:0, 16:0, 17:0, 18:0, 19:0, 20:0, 21:0, 22:0, 23:0, 24:0, 25:0, 26:0, 27:0, 28:0, 29:0, 30:0, 31:0, 32+:0
0:745279885, 1:1807969, 2:704, 3:354, 4:637, 5:541, 6:297, 7:321, 8:701, 9:393, 10:19, 11:0, 12:0, 13:0, 14:0, 15:0, 16:0, 17:0, 18:0, 19:0, 20:0, 21:0, 22:0, 23:0, 24:0, 25:0, 26:0, 27:0, 28:0, 29:0, 30:0, 31:0, 32+:0
0:743546506, 1:1807829, 2:712, 3:370, 4:624, 5:479, 6:342, 7:325, 8:728, 9:395, 10:10, 11:0, 12:0, 13:0, 14:0, 15:0, 16:0, 17:0, 18:0, 19:0, 20:0, 21:0, 22:0, 23:0, 24:0, 25:0, 26:0, 27:0, 28:0, 29:0, 30:0, 31:0, 32+:0
0:744090793, 1:1807985, 2:631, 3:334, 4:590, 5:491, 6:350, 7:356, 8:721, 9:388, 10:14, 11:0, 12:0, 13:0, 14:0, 15:0, 16:0, 17:0, 18:0, 19:0, 20:0, 21:0, 22:0, 23:0, 24:0, 25:0, 26:0, 27:0, 28:0, 29:0, 30:0, 31:0, 32+:0",127.20793950850661,36.758034026465026,9.030245746691872,11.408317580340265,44.593572778827976,7.291115311909262,0.8147448015122873,1.6880907372400755,5.928166351606805,10.776937618147448,19.024574669187146
128,1,16384,1,8,"0 1 2 3 4 5 6 7",243031.03,1155972928561,1897630050172,7451920,99939.10,960875.38,16744.80,158549,260273,1.02208,14373.2,138192,0.00229666,4220.121
4220.121
4220.121
4220.121
4220.121
4220.121
4220.121
4220.121,4592.485
4592.485
4592.485
4592.485
4592.485
4592.485
4592.485
4592.485,4809.697
4747.636
4778.667
4778.667
4747.636
4778.667
4778.667
4809.697,693212449,911347,762.247,0.00131191,0.249739,"0:693760573, 1:910123, 2:275, 3:35, 4:92, 5:30, 6:4, 7:1, 8:3, 9:1, 10:0, 11:0, 12:0, 13:0, 14:0, 15:0, 16:0, 17:0, 18:0, 19:0, 20:0, 21:0, 22:0, 23:0, 24:0, 25:0, 26:0, 27:0, 28:0, 29:0, 30:0, 31:0, 32+:0
0:694590255, 1:910081, 2:257, 3:35, 4:95, 5:44, 6:2, 7:1, 8:4, 9:1, 10:0, 11:0, 12:0, 13:0, 14:0, 15:0, 16:0, 17:0, 18:0, 19:0, 20:0, 21:0, 22:0, 23:0, 24:0, 25:0, 26:0, 27:0, 28:0, 29:0, 30:0, 31:0, 32+:0
0:693928142, 1:910120, 2:245, 3:43, 4:96, 5:51, 6:2, 7:1, 8:0, 9:3, 10:0, 11:0, 12:0, 13:0, 14:0, 15:0, 16:0, 17:0, 18:0, 19:0, 20:0, 21:0, 22:0, 23:0, 24:0, 25:0, 26:0, 27:0, 28:0, 29:0, 30:0, 31:0, 32+:0
0:692508179, 1:910030, 2:267, 3:46, 4:93, 5:48, 6:5, 7:0, 8:2, 9:0, 10:0, 11:0, 12:0, 13:0, 14:0, 15:0, 16:0, 17:0, 18:0, 19:0, 20:0, 21:0, 22:0, 23:0, 24:0, 25:0, 26:0, 27:0, 28:0, 29:0, 30:0, 31:0, 32+:0
0:694186113, 1:910147, 2:271, 3:30, 4:75, 5:43, 6:3, 7:1, 8:4, 9:1, 10:0, 11:0, 12:0, 13:0, 14:0, 15:0, 16:0, 17:0, 18:0, 19:0, 20:0, 21:0, 22:0, 23:0, 24:0, 25:0, 26:0, 27:0, 28:0, 29:0, 30:0, 31:0, 32+:0
0:693987661, 1:910060, 2:278, 3:40, 4:92, 5:43, 6:0, 7:1, 8:1, 9:1, 10:0, 11:0, 12:0, 13:0, 14:0, 15:0, 16:0, 17:1, 18:0, 19:0, 20:0, 21:0, 22:0, 23:0, 24:0, 25:0, 26:0, 27:0, 28:0, 29:0, 30:0, 31:0, 32+:0
0:693708598, 1:910069, 2:274, 3:50, 4:77, 5:50, 6:2, 7:1, 8:2, 9:0, 10:0, 11:0, 12:0, 13:0, 14:0, 15:0, 16:0, 17:0, 18:0, 19:0, 20:0, 21:0, 22:0, 23:0, 24:0, 25:0, 26:0, 27:0, 28:0, 29:0, 30:0, 31:0, 32+:0
0:692301974, 1:910004, 2:276, 3:58, 4:86, 5:42, 6:4, 7:2, 8:2, 9:1, 10:0, 11:0, 12:0, 13:0, 14:0, 15:0, 16:0, 17:0, 18:0, 19:0, 20:0, 21:0, 22:0, 23:0, 24:0, 25:0, 26:0, 27:0, 28:0, 29:0, 30:0, 31:0, 32+:0",118.47578347578347,42.08736942070276,9.661918328584996,11.502374169040836,47.97910731244065,7.813865147198481,0.6115859449192782,0.9411206077872745,6.200379867046534,11.49002849002849,23.471035137701804
